<?xml version="1.0"?>
<CUSTOM_OBJECT>
  <NAME>0^C_TASK_ADDRESS^JtTaskAddress</NAME>
  <TYPE>CUSTOM_EVENT_ACTION</TYPE>
  <DESCRIPTION>Execute Workflow when Address6 or Address1 are changed.</DESCRIPTION>
  <CUSTOM_EVENT_ACTION EXPORT_DEF_VERSION="2">
    <EVENT_LU_NAME>JtTaskAddress</EVENT_LU_NAME>
    <EVENT_ID>C_TASK_ADDRESS</EVENT_ID>
    <ACTION_NUMBER>0</ACTION_NUMBER>
    <ACTION_ENABLE>TRUE</ACTION_ENABLE>
    <ACTION_PARAMETERS>!FNDSER.EVENT_ACTION_PARAM
$BPA_KEY=CreateTaskMapPosition
$BPA_TYPE=PROCESS_AUGMENT
$BPA_TIMING=ASYNC
$IS_TEMPLATE=FALSE</ACTION_PARAMETERS>
    <FND_EVENT_ACTION_TYPE_DB>BPA</FND_EVENT_ACTION_TYPE_DB>
    <CONDITION_TYPE>!EVENT_ACTION_COND_TYPE
$NEW:ADDRESS1=!=
$NEW:ADDRESS6=!=
$NEW:TASK_SEQ=
</CONDITION_TYPE>
    <CONDITION_VALUE>!EVENT_ACTION_COND_VALUE
$NEW:ADDRESS1=NULL
$NEW:ADDRESS6=NULL
$NEW:TASK_SEQ=
</CONDITION_VALUE>
    <DESCRIPTION>Execute Workflow when Address6 or Address1 are changed.</DESCRIPTION>
    <SUBSCRIBABLE>FALSE</SUBSCRIBABLE>
    <SYSTEM_DEFINED>FALSE</SYSTEM_DEFINED>
    <ROLE/>
    <DEFINITION_MODIFIED_DATE>2024-08-13-15.51.44</DEFINITION_MODIFIED_DATE>
    <OBJKEY>14005383ABC76156E063C95CE90A9D57</OBJKEY>
  </CUSTOM_EVENT_ACTION>
</CUSTOM_OBJECT>
