<?xml version="1.0"?>
<CUSTOM_OBJECT>
  <NAME>CreateTaskMapPosition</NAME>
  <TYPE>WORKFLOW</TYPE>
  <DESCRIPTION>CreateTaskMapPosition</DESCRIPTION>
  <WORKFLOW>
    <PROCESS_KEY>CreateTaskMapPosition</PROCESS_KEY>
    <BPA_DIAGRAM>&lt;?xml version=&quot;1.0&quot; encoding=&quot;UTF-8&quot;?&gt;
&lt;bpmn:definitions xmlns:bpmn=&quot;http://www.omg.org/spec/BPMN/20100524/MODEL&quot; xmlns:bpmndi=&quot;http://www.omg.org/spec/BPMN/20100524/DI&quot; xmlns:dc=&quot;http://www.omg.org/spec/DD/20100524/DC&quot; xmlns:camunda=&quot;http://camunda.org/schema/1.0/bpmn&quot; xmlns:xsi=&quot;http://www.w3.org/2001/XMLSchema-instance&quot; xmlns:di=&quot;http://www.omg.org/spec/DD/20100524/DI&quot; id=&quot;sample-diagram&quot; targetNamespace=&quot;http://bpmn.io/schema/bpmn&quot;&gt;
  &lt;bpmn:process id=&quot;CreateTaskMapPosition&quot; isExecutable=&quot;true&quot;&gt;
    &lt;bpmn:startEvent id=&quot;StartEvent_1&quot;&gt;
      &lt;bpmn:outgoing&gt;Flow_0k6boyi&lt;/bpmn:outgoing&gt;
    &lt;/bpmn:startEvent&gt;
    &lt;bpmn:serviceTask id=&quot;Activity_0y2dhf4&quot; name=&quot;Read Task Address Details&quot; camunda:class=&quot;com.ifsworld.fnd.bpa.IfsProjectionDelegate&quot;&gt;
      &lt;bpmn:extensionElements&gt;
        &lt;camunda:inputOutput&gt;
          &lt;camunda:inputParameter name=&quot;ifsBpaProjectionAction&quot;&gt;READ&lt;/camunda:inputParameter&gt;
          &lt;camunda:inputParameter name=&quot;ifsBpaProjectionETagVariableName&quot;&gt;JtTaskAddressEntity_ETag&lt;/camunda:inputParameter&gt;
          &lt;camunda:inputParameter name=&quot;ifsBpaProjectionType&quot;&gt;DES&lt;/camunda:inputParameter&gt;
          &lt;camunda:inputParameter name=&quot;ifsBpaProjectionName&quot;&gt;JtTaskAddressEntity&lt;/camunda:inputParameter&gt;
          &lt;camunda:inputParameter name=&quot;ifsBpaProjectionEntitySetName&quot;&gt;JtTaskAddressSet&lt;/camunda:inputParameter&gt;
          &lt;camunda:inputParameter name=&quot;ifsBpaProjectionParameters&quot;&gt;
            &lt;camunda:map&gt;
              &lt;camunda:entry key=&quot;TaskSeq&quot;&gt;${TaskSeq}&lt;/camunda:entry&gt;
            &lt;/camunda:map&gt;
          &lt;/camunda:inputParameter&gt;
          &lt;camunda:inputParameter name=&quot;ifsBpaProjectionIsETag&quot;&gt;true&lt;/camunda:inputParameter&gt;
        &lt;/camunda:inputOutput&gt;
      &lt;/bpmn:extensionElements&gt;
      &lt;bpmn:incoming&gt;Flow_0k6boyi&lt;/bpmn:incoming&gt;
      &lt;bpmn:outgoing&gt;Flow_1rikkvy&lt;/bpmn:outgoing&gt;
      &lt;bpmn:outgoing&gt;Flow_022m09m&lt;/bpmn:outgoing&gt;
    &lt;/bpmn:serviceTask&gt;
    &lt;bpmn:sequenceFlow id=&quot;Flow_0k6boyi&quot; sourceRef=&quot;StartEvent_1&quot; targetRef=&quot;Activity_0y2dhf4&quot; /&gt;
    &lt;bpmn:serviceTask id=&quot;Activity_1g9uft9&quot; name=&quot;Update Map Position&quot; camunda:class=&quot;com.ifsworld.fnd.bpa.IfsProjectionDelegate&quot;&gt;
      &lt;bpmn:extensionElements&gt;
        &lt;camunda:inputOutput&gt;
          &lt;camunda:inputParameter name=&quot;ifsBpaProjectionETagVariableName&quot;&gt;MapPositionAttachmentHandling_ETag&lt;/camunda:inputParameter&gt;
          &lt;camunda:inputParameter name=&quot;ifsBpaProjectionType&quot;&gt;Standard&lt;/camunda:inputParameter&gt;
          &lt;camunda:inputParameter name=&quot;ifsBpaProjectionAction&quot;&gt;CREATE&lt;/camunda:inputParameter&gt;
          &lt;camunda:inputParameter name=&quot;ifsBpaProjectionName&quot;&gt;MapPositionAttachmentHandling&lt;/camunda:inputParameter&gt;
          &lt;camunda:inputParameter name=&quot;ifsBpaProjectionEntitySetName&quot;&gt;MapPositionSet&lt;/camunda:inputParameter&gt;
          &lt;camunda:inputParameter name=&quot;ifsBpaProjectionParameters&quot;&gt;
            &lt;camunda:map&gt;
              &lt;camunda:entry key=&quot;KeyRef&quot;&gt;${TaskSeqKeyRef}&lt;/camunda:entry&gt;
              &lt;camunda:entry key=&quot;LuName&quot;&gt;JtTask&lt;/camunda:entry&gt;
              &lt;camunda:entry key=&quot;Longitude&quot;&gt;${long}&lt;/camunda:entry&gt;
              &lt;camunda:entry key=&quot;Latitude&quot;&gt;${lat}&lt;/camunda:entry&gt;
            &lt;/camunda:map&gt;
          &lt;/camunda:inputParameter&gt;
          &lt;camunda:inputParameter name=&quot;ifsBpaProjectionIsETag&quot;&gt;true&lt;/camunda:inputParameter&gt;
        &lt;/camunda:inputOutput&gt;
      &lt;/bpmn:extensionElements&gt;
      &lt;bpmn:incoming&gt;Flow_0yltzyv&lt;/bpmn:incoming&gt;
      &lt;bpmn:outgoing&gt;Flow_0auj4qx&lt;/bpmn:outgoing&gt;
    &lt;/bpmn:serviceTask&gt;
    &lt;bpmn:endEvent id=&quot;Event_08mvl5k&quot;&gt;
      &lt;bpmn:incoming&gt;Flow_0auj4qx&lt;/bpmn:incoming&gt;
    &lt;/bpmn:endEvent&gt;
    &lt;bpmn:sequenceFlow id=&quot;Flow_0auj4qx&quot; sourceRef=&quot;Activity_1g9uft9&quot; targetRef=&quot;Event_08mvl5k&quot; /&gt;
    &lt;bpmn:sequenceFlow id=&quot;Flow_1rikkvy&quot; sourceRef=&quot;Activity_0y2dhf4&quot; targetRef=&quot;Activity_1wg41b0&quot;&gt;
      &lt;bpmn:conditionExpression xsi:type=&quot;bpmn:tFormalExpression&quot;&gt;${Address6 != null}&lt;/bpmn:conditionExpression&gt;
    &lt;/bpmn:sequenceFlow&gt;
    &lt;bpmn:scriptTask id=&quot;Activity_027cgo8&quot; name=&quot;Set Variables (Convert)&quot; scriptFormat=&quot;JavaScript&quot;&gt;
      &lt;bpmn:script&gt;//Get keyref for the task record
execution.setVariable(&quot;TaskSeqKeyRef&quot;, &quot;TASK_SEQ=&quot; + execution.getVariable(&quot;TaskSeq&quot;) + &quot;^&quot;);

//Split Address6 into lat and long and store as lat long variables
var address6 = execution.getVariable(&quot;Address6&quot;);
if (address6) {
    var coordinates = address6.split(&quot;,&quot;);
    var lat = parseFloat(coordinates[0]);
    var long = parseFloat(coordinates[1]);

    execution.setVariable(&quot;lat&quot;, lat);
    execution.setVariable(&quot;long&quot;, long);
}&lt;/bpmn:script&gt;
    &lt;/bpmn:scriptTask&gt;
    &lt;bpmn:sequenceFlow id=&quot;Flow_0yltzyv&quot; sourceRef=&quot;Activity_1wg41b0&quot; targetRef=&quot;Activity_1g9uft9&quot; /&gt;
    &lt;bpmn:endEvent id=&quot;Event_1tfvg11&quot;&gt;
      &lt;bpmn:incoming&gt;Flow_022m09m&lt;/bpmn:incoming&gt;
    &lt;/bpmn:endEvent&gt;
    &lt;bpmn:sequenceFlow id=&quot;Flow_022m09m&quot; sourceRef=&quot;Activity_0y2dhf4&quot; targetRef=&quot;Event_1tfvg11&quot; /&gt;
    &lt;bpmn:scriptTask id=&quot;Activity_1wg41b0&quot; name=&quot;Set Variables (No Conversion)&quot; scriptFormat=&quot;JavaScript&quot;&gt;
      &lt;bpmn:incoming&gt;Flow_1rikkvy&lt;/bpmn:incoming&gt;
      &lt;bpmn:outgoing&gt;Flow_0yltzyv&lt;/bpmn:outgoing&gt;
      &lt;bpmn:outgoing&gt;Flow_0k9ki0a&lt;/bpmn:outgoing&gt;
      &lt;bpmn:script&gt;//Get keyref for the task record
execution.setVariable(&quot;TaskSeqKeyRef&quot;, &quot;TASK_SEQ=&quot; + execution.getVariable(&quot;TaskSeq&quot;) + &quot;^&quot;);

//Split Address6 into lat and long and store as lat long variables
var address6 = execution.getVariable(&quot;Address6&quot;);
var coordinates = address6.split(&quot;|&quot;);
var lat = coordinates[0];
var long = coordinates[1];

execution.setVariable(&quot;lat&quot;, lat);
execution.setVariable(&quot;long&quot;, long);&lt;/bpmn:script&gt;
    &lt;/bpmn:scriptTask&gt;
    &lt;bpmn:sequenceFlow id=&quot;Flow_0k9ki0a&quot; sourceRef=&quot;Activity_1wg41b0&quot; targetRef=&quot;Activity_19xjawt&quot;&gt;
      &lt;bpmn:conditionExpression xsi:type=&quot;bpmn:tFormalExpression&quot;&gt;${lat == null || lat == &apos;&apos; || long == null || long == &apos;&apos;}&lt;/bpmn:conditionExpression&gt;
    &lt;/bpmn:sequenceFlow&gt;
    &lt;bpmn:serviceTask id=&quot;Activity_19xjawt&quot; name=&quot;Read Task Address Details&quot; camunda:class=&quot;com.ifsworld.fnd.bpa.IfsProjectionDelegate&quot;&gt;
      &lt;bpmn:extensionElements&gt;
        &lt;camunda:inputOutput&gt;
          &lt;camunda:inputParameter name=&quot;ifsBpaProjectionAction&quot;&gt;UPDATE&lt;/camunda:inputParameter&gt;
          &lt;camunda:inputParameter name=&quot;ifsBpaProjectionETagVariableName&quot;&gt;JtTaskEntity_ETag&lt;/camunda:inputParameter&gt;
          &lt;camunda:inputParameter name=&quot;ifsBpaProjectionType&quot;&gt;DES&lt;/camunda:inputParameter&gt;
          &lt;camunda:inputParameter name=&quot;ifsBpaProjectionName&quot;&gt;JtTaskEntity&lt;/camunda:inputParameter&gt;
          &lt;camunda:inputParameter name=&quot;ifsBpaProjectionEntitySetName&quot;&gt;JtTaskSet&lt;/camunda:inputParameter&gt;
          &lt;camunda:inputParameter name=&quot;ifsBpaProjectionParameters&quot;&gt;
            &lt;camunda:map&gt;
              &lt;camunda:entry key=&quot;TaskSeq&quot;&gt;${TaskSeq}&lt;/camunda:entry&gt;
              &lt;camunda:entry key=&quot;Description&quot;&gt;No geocodes found. Lat: ${lat} Long: ${long}&lt;/camunda:entry&gt;
            &lt;/camunda:map&gt;
          &lt;/camunda:inputParameter&gt;
          &lt;camunda:inputParameter name=&quot;ifsBpaProjectionIsETag&quot;&gt;true&lt;/camunda:inputParameter&gt;
        &lt;/camunda:inputOutput&gt;
      &lt;/bpmn:extensionElements&gt;
      &lt;bpmn:incoming&gt;Flow_0k9ki0a&lt;/bpmn:incoming&gt;
    &lt;/bpmn:serviceTask&gt;
    &lt;bpmn:textAnnotation id=&quot;TextAnnotation_1851cik&quot;&gt;
      &lt;bpmn:text&gt;No geocodes provided&lt;/bpmn:text&gt;
    &lt;/bpmn:textAnnotation&gt;
    &lt;bpmn:association id=&quot;Association_1pnmsgh&quot; sourceRef=&quot;Activity_19xjawt&quot; targetRef=&quot;TextAnnotation_1851cik&quot; /&gt;
    &lt;bpmn:textAnnotation id=&quot;TextAnnotation_1vj5xp3&quot;&gt;
      &lt;bpmn:text&gt;Do nothing&lt;/bpmn:text&gt;
    &lt;/bpmn:textAnnotation&gt;
    &lt;bpmn:association id=&quot;Association_0hdhjkl&quot; sourceRef=&quot;Event_1tfvg11&quot; targetRef=&quot;TextAnnotation_1vj5xp3&quot; /&gt;
  &lt;/bpmn:process&gt;
  &lt;bpmndi:BPMNDiagram id=&quot;BPMNDiagram_1&quot;&gt;
    &lt;bpmndi:BPMNPlane id=&quot;BPMNPlane_1&quot; bpmnElement=&quot;CreateTaskMapPosition&quot;&gt;
      &lt;bpmndi:BPMNEdge id=&quot;Flow_0k9ki0a_di&quot; bpmnElement=&quot;Flow_0k9ki0a&quot;&gt;
        &lt;di:waypoint x=&quot;690&quot; y=&quot;290&quot; /&gt;
        &lt;di:waypoint x=&quot;735&quot; y=&quot;290&quot; /&gt;
        &lt;di:waypoint x=&quot;735&quot; y=&quot;460&quot; /&gt;
        &lt;di:waypoint x=&quot;780&quot; y=&quot;460&quot; /&gt;
      &lt;/bpmndi:BPMNEdge&gt;
      &lt;bpmndi:BPMNEdge id=&quot;Flow_022m09m_di&quot; bpmnElement=&quot;Flow_022m09m&quot;&gt;
        &lt;di:waypoint x=&quot;430&quot; y=&quot;250&quot; /&gt;
        &lt;di:waypoint x=&quot;430&quot; y=&quot;138&quot; /&gt;
      &lt;/bpmndi:BPMNEdge&gt;
      &lt;bpmndi:BPMNEdge id=&quot;Flow_0yltzyv_di&quot; bpmnElement=&quot;Flow_0yltzyv&quot;&gt;
        &lt;di:waypoint x=&quot;690&quot; y=&quot;290&quot; /&gt;
        &lt;di:waypoint x=&quot;780&quot; y=&quot;290&quot; /&gt;
      &lt;/bpmndi:BPMNEdge&gt;
      &lt;bpmndi:BPMNEdge id=&quot;Flow_1rikkvy_di&quot; bpmnElement=&quot;Flow_1rikkvy&quot;&gt;
        &lt;di:waypoint x=&quot;480&quot; y=&quot;290&quot; /&gt;
        &lt;di:waypoint x=&quot;590&quot; y=&quot;290&quot; /&gt;
      &lt;/bpmndi:BPMNEdge&gt;
      &lt;bpmndi:BPMNEdge id=&quot;Flow_0auj4qx_di&quot; bpmnElement=&quot;Flow_0auj4qx&quot;&gt;
        &lt;di:waypoint x=&quot;880&quot; y=&quot;290&quot; /&gt;
        &lt;di:waypoint x=&quot;962&quot; y=&quot;290&quot; /&gt;
      &lt;/bpmndi:BPMNEdge&gt;
      &lt;bpmndi:BPMNEdge id=&quot;Flow_0k6boyi_di&quot; bpmnElement=&quot;Flow_0k6boyi&quot;&gt;
        &lt;di:waypoint x=&quot;318&quot; y=&quot;290&quot; /&gt;
        &lt;di:waypoint x=&quot;380&quot; y=&quot;290&quot; /&gt;
      &lt;/bpmndi:BPMNEdge&gt;
      &lt;bpmndi:BPMNShape id=&quot;_BPMNShape_StartEvent_2&quot; bpmnElement=&quot;StartEvent_1&quot;&gt;
        &lt;dc:Bounds x=&quot;282&quot; y=&quot;272&quot; width=&quot;36&quot; height=&quot;36&quot; /&gt;
      &lt;/bpmndi:BPMNShape&gt;
      &lt;bpmndi:BPMNShape id=&quot;Activity_0qpuddq_di&quot; bpmnElement=&quot;Activity_0y2dhf4&quot;&gt;
        &lt;dc:Bounds x=&quot;380&quot; y=&quot;250&quot; width=&quot;100&quot; height=&quot;80&quot; /&gt;
      &lt;/bpmndi:BPMNShape&gt;
      &lt;bpmndi:BPMNShape id=&quot;Activity_1d55re0_di&quot; bpmnElement=&quot;Activity_1g9uft9&quot;&gt;
        &lt;dc:Bounds x=&quot;780&quot; y=&quot;250&quot; width=&quot;100&quot; height=&quot;80&quot; /&gt;
      &lt;/bpmndi:BPMNShape&gt;
      &lt;bpmndi:BPMNShape id=&quot;Event_08mvl5k_di&quot; bpmnElement=&quot;Event_08mvl5k&quot;&gt;
        &lt;dc:Bounds x=&quot;962&quot; y=&quot;272&quot; width=&quot;36&quot; height=&quot;36&quot; /&gt;
      &lt;/bpmndi:BPMNShape&gt;
      &lt;bpmndi:BPMNShape id=&quot;Activity_0o8ur8g_di&quot; bpmnElement=&quot;Activity_027cgo8&quot;&gt;
        &lt;dc:Bounds x=&quot;380&quot; y=&quot;420&quot; width=&quot;100&quot; height=&quot;80&quot; /&gt;
      &lt;/bpmndi:BPMNShape&gt;
      &lt;bpmndi:BPMNShape id=&quot;Event_1tfvg11_di&quot; bpmnElement=&quot;Event_1tfvg11&quot;&gt;
        &lt;dc:Bounds x=&quot;412&quot; y=&quot;102&quot; width=&quot;36&quot; height=&quot;36&quot; /&gt;
      &lt;/bpmndi:BPMNShape&gt;
      &lt;bpmndi:BPMNShape id=&quot;Activity_1wg41b0_di&quot; bpmnElement=&quot;Activity_1wg41b0&quot;&gt;
        &lt;dc:Bounds x=&quot;590&quot; y=&quot;250&quot; width=&quot;100&quot; height=&quot;80&quot; /&gt;
      &lt;/bpmndi:BPMNShape&gt;
      &lt;bpmndi:BPMNShape id=&quot;Activity_19xjawt_di&quot; bpmnElement=&quot;Activity_19xjawt&quot;&gt;
        &lt;dc:Bounds x=&quot;780&quot; y=&quot;420&quot; width=&quot;100&quot; height=&quot;80&quot; /&gt;
      &lt;/bpmndi:BPMNShape&gt;
      &lt;bpmndi:BPMNShape id=&quot;TextAnnotation_1851cik_di&quot; bpmnElement=&quot;TextAnnotation_1851cik&quot;&gt;
        &lt;dc:Bounds x=&quot;780&quot; y=&quot;540&quot; width=&quot;100&quot; height=&quot;41&quot; /&gt;
      &lt;/bpmndi:BPMNShape&gt;
      &lt;bpmndi:BPMNShape id=&quot;TextAnnotation_1vj5xp3_di&quot; bpmnElement=&quot;TextAnnotation_1vj5xp3&quot;&gt;
        &lt;dc:Bounds x=&quot;380&quot; y=&quot;20&quot; width=&quot;100&quot; height=&quot;30&quot; /&gt;
      &lt;/bpmndi:BPMNShape&gt;
      &lt;bpmndi:BPMNEdge id=&quot;Association_1pnmsgh_di&quot; bpmnElement=&quot;Association_1pnmsgh&quot;&gt;
        &lt;di:waypoint x=&quot;830&quot; y=&quot;500&quot; /&gt;
        &lt;di:waypoint x=&quot;830&quot; y=&quot;540&quot; /&gt;
      &lt;/bpmndi:BPMNEdge&gt;
      &lt;bpmndi:BPMNEdge id=&quot;Association_0hdhjkl_di&quot; bpmnElement=&quot;Association_0hdhjkl&quot;&gt;
        &lt;di:waypoint x=&quot;430&quot; y=&quot;102&quot; /&gt;
        &lt;di:waypoint x=&quot;430&quot; y=&quot;50&quot; /&gt;
      &lt;/bpmndi:BPMNEdge&gt;
    &lt;/bpmndi:BPMNPlane&gt;
  &lt;/bpmndi:BPMNDiagram&gt;
&lt;/bpmn:definitions&gt;
</BPA_DIAGRAM>
    <VERSION>version_6</VERSION>
    <DEPLOY_STATUS_DB>ACTIVE</DEPLOY_STATUS_DB>
    <LOCKED_STATUS_DB>PERMANENT_LOCK</LOCKED_STATUS_DB>
    <LOCKED_USER>TISCNL</LOCKED_USER>
    <DEPLOYED_USER/>
    <MODULE>WO</MODULE>
    <IS_TEMPLATE>FALSE</IS_TEMPLATE>
    <IS_COMMAND_COMPATIBLE>TRUE</IS_COMMAND_COMPATIBLE>
    <DESCRIPTION/>
    <BPMN_VERSION_ROWKEY>142A34129E0E1567E063CC5CE90A8BEE</BPMN_VERSION_ROWKEY>
    <BPMN_VERSION_ROWVERSION>20240813155137</BPMN_VERSION_ROWVERSION>
    <BPMNPROCESS_ROWKEY>1402D73DA787B29AE063C95CE90AD328</BPMNPROCESS_ROWKEY>
    <BPMNPROCESS_ROWVERSION>20240319161643</BPMNPROCESS_ROWVERSION>
    <DEPLOY_NAME>version6</DEPLOY_NAME>
  </WORKFLOW>
</CUSTOM_OBJECT>
