<?xml version="1.0"?>
<APPLICATION_CONFIGURATION>
  <EXPORT_DEF_VERSION>1</EXPORT_DEF_VERSION>
  <PACKAGE_ID>1F91D3972D7297ACE063C45CE90A85B2</PACKAGE_ID>
  <NAME>MapPositionForIfsCloudDataLoader</NAME>
  <DESCRIPTION/>
  <AUTHOR>Fedeo</AUTHOR>
  <VERSION>0.1</VERSION>
  <VERSION_TIME_STAMP>2024-08-13-17.24.24</VERSION_TIME_STAMP>
  <ORIGIN>OHOTD041-ohot-d04</ORIGIN>
  <LAST_MODIFIED_DATE>2024-08-13-17.24.05</LAST_MODIFIED_DATE>
  <ITEMS>
    <ITEMS_ROW>
      <NAME>0^C_TASK_ADDRESS^JtTaskAddress</NAME>
      <TYPE>CUSTOM_EVENT_ACTION</TYPE>
      <DESCRIPTION>Execute Workflow when Address6 or Address1 are changed.</DESCRIPTION>
      <FILENAME>CustomEventAction-JtTaskAddress-C_TASK_ADDRESS-0-BPA.xml</FILENAME>
    </ITEMS_ROW>
    <ITEMS_ROW>
      <NAME>CreateTaskMapPosition</NAME>
      <TYPE>WORKFLOW</TYPE>
      <DESCRIPTION>CreateTaskMapPosition</DESCRIPTION>
      <FILENAME>Workflow-CreateTaskMapPosition.xml</FILENAME>
    </ITEMS_ROW>
    <ITEMS_ROW>
      <NAME>C_TASK_ADDRESS</NAME>
      <TYPE>CUSTOM_EVENT</TYPE>
      <DESCRIPTION>Event for Task Address Creation &amp; Update</DESCRIPTION>
      <FILENAME>CustomEvent-JtTaskAddress-C_TASK_ADDRESS.xml</FILENAME>
    </ITEMS_ROW>
  </ITEMS>
  <ADDITIONAL_ITEMS/>
</APPLICATION_CONFIGURATION>
